{
  "project_info": {
    "project_number": "143721554441",
    "project_id": "wheen-g4ewtt",
    "storage_bucket": "wheen-g4ewtt.appspot.com"
  },
  "client": [
    {
      "client_info": {
        "mobilesdk_app_id": "1:143721554441:android:08b8b64f4e40e6d8130ed8",
        "android_client_info": {
          "package_name": "com.mycompany.wheen"
        }
      },
      "oauth_client": [],
      "api_key": [
        {
          "current_key": "AIzaSyAE-ulyqRvMf0mDnLAsf2K9rwCWdPWeJRU"
        }
      ],
      "services": {
        "appinvite_service": {
          "other_platform_oauth_client": []
        }
      }
    }
  ],
  "configuration_version": "1"
}